Workbook

Sheet Export Summary
B3: This document was exported from Numbers. Each table was converted to an Excel worksheet. All other objects on each Numbers sheet were placed on separate worksheets. Please be aware that formula calculations may differ in Excel.
B7: Numbers Sheet Name | C7: Numbers Table Name | D7: Excel Worksheet Name
B9: 概览
C10: Table 1 | D10: 概览
B11: 0319 Version
C12: Table 1 | D12: 0319 Version
B13: 已删除颜色
C14: Table 1 | D14: 已删除颜色

Sheet 概览
A1: 车色总数 | B1: 支持Two Tone颜色 | C1: 仅支持单色 | D1: 最终车色总数 | F1: 色系车色数 | H1: Single Color | J1: Two-tone
A2: =COUNTA('0319 Version'!$C1:$C158)-1 -> 155 | B2: =COUNTIF('0319 Version'!J1:J158,"Individual TT") -> 139 | C2: =COUNTIF('0319 Version'!J1:J158,"No") -> 14 | D2: =(B2*3)+C2 -> 431 | F2: 蓝色系车色数 blue | G2: =COUNTIF('0319 Version'!$G1:$G158,"blue") -> 41 | H2: Blue | I2: =_xlfn.COUNTIFS('0319 Version'!$G1:$G158,"blue",'0319 Version'!$J1:$J158,"No") -> 1 | J2: Blue Single Color | K2: =_xlfn.COUNTIFS('0319 Version'!$G1:$G158,"blue",'0319 Version'!$J1:$J158,"Individual TT") -> 40 | L2: Blue+ black Two Tone | M2: =_xlfn.COUNTIFS('0319 Version'!$G1:$G158,"blue",'0319 Version'!$J1:$J158,"Individual TT") -> 40 | N2: Blue+ Gray Two Tone | O2: =_xlfn.COUNTIFS('0319 Version'!$G1:$G158,"blue",'0319 Version'!$J1:$J158,"Individual TT") -> 40
A3: 磨砂车色数量 Frozen | B3: 金属车色数量 Metallic | C3: 非金属车色数量 Uni | F3: 红色系车色数 red | G3: =COUNTIF('0319 Version'!$G1:$G158,"red") -> 16 | H3: Red | I3: =_xlfn.COUNTIFS('0319 Version'!$G1:$G158,"red",'0319 Version'!$J1:$J158,"No") -> 1 | J3: Red Single Color | K3: =_xlfn.COUNTIFS('0319 Version'!$G1:$G158,"red",'0319 Version'!$J1:$J158,"Individual TT") -> 15 | L3: Red+ black Two Tone | M3: =_xlfn.COUNTIFS('0319 Version'!$G1:$G158,"red",'0319 Version'!$J1:$J158,"Individual TT") -> 15 | N3: Red+ Gray Two Tone | O3: =_xlfn.COUNTIFS('0319 Version'!$G1:$G158,"red",'0319 Version'!$J1:$J158,"Individual TT") -> 15
A4: =COUNTIF('0319 Version'!$H1:$H158,"Frozen") -> 11 | B4: =COUNTIF('0319 Version'!$H1:$H158,"Metallic") -> 98 | C4: =COUNTIF('0319 Version'!$H1:$H158,"Uni") -> 44 | F4: 黄色系车色数 yellow | G4: =COUNTIF('0319 Version'!$G1:$G158,"yellow") -> 5 | H4: Yellow | I4: =_xlfn.COUNTIFS('0319 Version'!$G1:$G158,"yellow",'0319 Version'!$J1:$J158,"No") -> 0 | J4: Yellow Single Color | K4: =_xlfn.COUNTIFS('0319 Version'!$G1:$G158,"yellow",'0319 Version'!$J1:$J158,"Individual TT") -> 5 | L4: Yellow+ black Two Tone | M4: =_xlfn.COUNTIFS('0319 Version'!$G1:$G158,"yellow",'0319 Version'!$J1:$J158,"Individual TT") -> 5 | N4: Yellow+ Gray Two Tone | O4: =_xlfn.COUNTIFS('0319 Version'!$G1:$G158,"yellow",'0319 Version'!$J1:$J158,"Individual TT") -> 5
F5: 绿色系车色数 green | G5: =COUNTIF('0319 Version'!$G1:$G158,"green") -> 33 | H5: Green | I5: =_xlfn.COUNTIFS('0319 Version'!$G1:$G158,"green",'0319 Version'!$J1:$J158,"No") -> 2 | J5: Green Single Color | K5: =_xlfn.COUNTIFS('0319 Version'!$G1:$G158,"green",'0319 Version'!$J1:$J158,"Individual TT") -> 31 | L5: Green+ black Two Tone | M5: =_xlfn.COUNTIFS('0319 Version'!$G1:$G158,"green",'0319 Version'!$J1:$J158,"Individual TT") -> 31 | N5: Green+ Gray Two Tone | O5: =_xlfn.COUNTIFS('0319 Version'!$G1:$G158,"green",'0319 Version'!$J1:$J158,"Individual TT") -> 31
F6: 紫色系车色数 violet | G6: =COUNTIF('0319 Version'!$G1:$G158,"violet") -> 11 | H6: Violet | I6: =_xlfn.COUNTIFS('0319 Version'!$G1:$G158,"violet",'0319 Version'!$J1:$J158,"No") -> 1 | J6: Violet Single Color | K6: =_xlfn.COUNTIFS('0319 Version'!$G1:$G158,"violet",'0319 Version'!$J1:$J158,"Individual TT") -> 10 | L6: Violet + black Two Tone | M6: =_xlfn.COUNTIFS('0319 Version'!$G1:$G158,"violet",'0319 Version'!$J1:$J158,"Individual TT") -> 10 | N6: Violet + Gray Two Tone | O6: =_xlfn.COUNTIFS('0319 Version'!$G1:$G158,"violet",'0319 Version'!$J1:$J158,"Individual TT") -> 10
F7: 橙色系车色数 orange | G7: =COUNTIF('0319 Version'!$G1:$G158,"orange") -> 3 | H7: Orange | I7: =_xlfn.COUNTIFS('0319 Version'!$G1:$G158,"orange",'0319 Version'!$J1:$J158,"No") -> 1 | J7: Orange Single Color | K7: =_xlfn.COUNTIFS('0319 Version'!$G1:$G158,"orange",'0319 Version'!$J1:$J158,"Individual TT") -> 2 | L7: Orange+ black Two Tone | M7: =_xlfn.COUNTIFS('0319 Version'!$G1:$G158,"orange",'0319 Version'!$J1:$J158,"Individual TT") -> 2 | N7: Orange+ Gray Two Tone | O7: =_xlfn.COUNTIFS('0319 Version'!$G1:$G158,"orange",'0319 Version'!$J1:$J158,"Individual TT") -> 2
F8: 棕色系车色数 brown | G8: =COUNTIF('0319 Version'!$G1:$G158,"brown") -> 8 | H8: Brown | I8: =_xlfn.COUNTIFS('0319 Version'!$G1:$G158,"brown",'0319 Version'!$J1:$J158,"No") -> 0 | J8: Brown Single Color | K8: =_xlfn.COUNTIFS('0319 Version'!$G1:$G158,"brown",'0319 Version'!$J1:$J158,"Individual TT") -> 8 | L8: Brown+ black Two Tone | M8: =_xlfn.COUNTIFS('0319 Version'!$G1:$G158,"brown",'0319 Version'!$J1:$J158,"Individual TT") -> 8 | N8: Brown+ Gray Two Tone | O8: =_xlfn.COUNTIFS('0319 Version'!$G1:$G158,"brown",'0319 Version'!$J1:$J158,"Individual TT") -> 8
F9: 灰色系车色数 gray | G9: =COUNTIF('0319 Version'!$G1:$G158,"gray") -> 24 | H9: Gray | I9: =_xlfn.COUNTIFS('0319 Version'!$G1:$G158,"gray",'0319 Version'!$J1:$J158,"No") -> 4 | J9: Gray Single Color | K9: =_xlfn.COUNTIFS('0319 Version'!$G1:$G158,"gray",'0319 Version'!$J1:$J158,"Individual TT") -> 20 | L9: Gray+ black Two Tone | M9: =_xlfn.COUNTIFS('0319 Version'!$G1:$G158,"gray",'0319 Version'!$J1:$J158,"Individual TT") -> 20 | N9: Gray+ Gray Two Tone | O9: =_xlfn.COUNTIFS('0319 Version'!$G1:$G158,"gray",'0319 Version'!$J1:$J158,"Individual TT") -> 20
F10: 黑色系车色数 black | G10: =COUNTIF('0319 Version'!$G1:$G158,"black") -> 9 | H10: Black | I10: =_xlfn.COUNTIFS('0319 Version'!$G1:$G158,"black",'0319 Version'!$J1:$J158,"No") -> 1 | J10: Black Single Color | K10: =_xlfn.COUNTIFS('0319 Version'!$G1:$G158,"black",'0319 Version'!$J1:$J158,"Individual TT") -> 8 | L10: Black+ black Two Tone | M10: =_xlfn.COUNTIFS('0319 Version'!$G1:$G158,"black",'0319 Version'!$J1:$J158,"Individual TT") -> 8 | N10: Black+ Gray Two Tone | O10: =_xlfn.COUNTIFS('0319 Version'!$G1:$G158,"black",'0319 Version'!$J1:$J158,"Individual TT") -> 8
F11: 白色系车色数 white | G11: =COUNTIF('0319 Version'!$G1:$G158,"white") -> 3 | H11: White | I11: =_xlfn.COUNTIFS('0319 Version'!$G1:$G158,"white",'0319 Version'!$J1:$J158,"No") -> 3 | J11: White Single Color | K11: =_xlfn.COUNTIFS('0319 Version'!$G1:$G158,"white",'0319 Version'!$J1:$J158,"Individual TT") -> 0 | L11: White+ black Two Tone | M11: =_xlfn.COUNTIFS('0319 Version'!$G1:$G158,"white",'0319 Version'!$J1:$J158,"Individual TT") -> 0 | N11: white+ Gray Two Tone | O11: =_xlfn.COUNTIFS('0319 Version'!$G1:$G158,"white",'0319 Version'!$J1:$J158,"Individual TT") -> 0

Sheet 0319 Version
A1: Paintwork Catalogue | B1: num | C1: Color Code | D1: Name | E1: Chinese Name | F1: Hex（色值） | G1: Base color（色系） | H1: Lackart（材质） | I1: Individual Color | J1: Two-tone | K1: Mark
A2: WC1M - PHYTONIC BLUE METALLIC | B2: 4 | C2: =MID(A2,2,3) -> C1M | D2: PHYTONIC BLUE METALLIC | E2: 个性化定制量子蓝 | F2: #264185 | G2: blue | H2: Metallic | I2: Individual Color | J2: Individual TT | K2: 单色/宝石青/岩石灰 | L2: Single/Black/Gray
A3: WC31 - PORTIMAO BLUE METALLIC | B3: 5 | C3: =MID(A3,2,3) -> C31 | D3: PORTIMAO BLUE METALLIC | E3: 个性化定制波尔蒂芒蓝 | F3: #1A2862 | G3: blue | H3: Metallic | I3: Individual Color | J3: Individual TT | K3: 单色/宝石青/岩石灰 | L3: Single/Black/Gray
A4: WC4W - SKYSCRAPER GREY METALLIC | B4: 6 | C4: =MID(A4,2,3) -> C4W | D4: SKYSCRAPER GREY METALLIC | E4: 个性化定制摩天灰 | F4: #7C8189 | G4: gray | H4: Metallic | I4: Individual Color | J4: Individual TT | K4: 单色/宝石青/岩石灰 | L4: Single/Black/Gray
A5: WU21 - BRILLIANT WHITE METALLIC | B5: 7 | C5: =MID(A5,2,3) -> U21 | D5: BRILLIANT WHITE METALLIC | E5: 个性化定制晶莹白 | F5: #edeff0 | G5: white | H5: Metallic | I5: Individual Color | J5: No | K5: 单色 | L5: Single
A6: WC4E - SANREMO GREEN METALLIC | B6: 11 | C6: =MID(A6,2,3) -> C4E | D6: SANREMO GREEN METALLIC | E6: 个性化定制圣雷莫绿 | F6: #0a522a | G6: green | H6: Metallic | I6: Individual Color | J6: Individual TT | K6: 单色/宝石青/岩石灰 | L6: Single/Black/Gray
A7: WU91 - FROZEN BLACK METALLIC | B7: 12 | C7: =MID(A7,2,3) -> U91 | D7: FROZEN BLACK METALLIC | E7: 个性化定制磨砂黑 | F7: #202123 | G7: black | H7: Frozen | I7: Individual Color | J7: No | K7: 单色 | L7: Single
A8: WP7Z - FROZEN ORANGE II METALLIC | B8: 13 | C8: =MID(A8,2,3) -> P7Z | D8: FROZEN ORANGE II METALLIC | E8: 个性化定制磨砂烈日橙 | F8: #cb563b | G8: orange | H8: Frozen | I8: Individual Color | J8: No | K8: 单色 | L8: Single
A9: WP80 - FROZEN DEEP GREEN METALLIC | B9: 15 | C9: =MID(A9,2,3) -> P80 | D9: FROZEN DEEP GREEN METALLIC | E9: 个性化定制磨砂野境绿 | F9: #436648 | G9: green | H9: Frozen | I9: Individual Color | J9: No | K9: 单色 | L9: Single
A10: WP7X - FROZEN DEEP GREY METALLIC | B10: 16 | C10: =MID(A10,2,3) -> P7X | D10: FROZEN DEEP GREY METALLIC | E10: 个性化定制磨砂深灰 | F10: #3f434d | G10: gray | H10: Frozen | I10: Individual Color | J10: No | K10: 单色 | L10: Single
A11: WP5T - FROZEN MARINA BAY BLUE METALLIC | B11: 17 | C11: =MID(A11,2,3) -> P5T | D11: FROZEN MARINA BAY BLUE METALLIC | E11: 个性化定制磨砂滨海湾蓝 | F11: #343B67 | G11: blue | H11: Frozen | I11: Individual Color | J11: No | K11: 单色 | L11: Single
A12: YP8W - DAYTONA BEACH BLUE | B12: 18 | C12: =MID(A12,2,3) -> P8W | D12: DAYTONA BEACH BLUE | E12: 个性化定制戴托纳海岸蓝 | F12: #1092C6 | G12: blue | H12: Uni | I12: Individual Color | J12: Individual TT | K12: 单色/宝石青/岩石灰 | L12: Single/Black/Gray
A13: WC4F - ARCTIC RACE BLUE METALLIC | B13: 20 | C13: =MID(A13,2,3) -> C4F | D13: ARCTIC RACE BLUE METALLIC | E13: 个性化定制极速蓝 | F13: #395466 | G13: blue | H13: Metallic | I13: Individual Color | J13: Individual TT | K13: 单色/宝石青/岩石灰 | L13: Single/Black/Gray
... A17: YC4H - SAO PAULO YELLOW | B17: 28 | C17: =MID(A17,2,3) -> C4H | D17: SAO PAULO YELLOW | E17: 个性化定制圣保罗黄 | F17: #c4cd4c | G17: yellow | H17: Uni | I17: Individual Color | J17: Individual TT | K17: 单色/宝石青/岩石灰 | L17: Single/Black/Gray
A18: WP9B - FROZEN TAMPA BAY GREEN METALLIC | B18: 29 | C18: =MID(A18,2,3) -> P9B | D18: FROZEN TAMPA BAY GREEN METALLIC | E18: 个性化定制磨砂坦帕湾绿 | F18: #63A549 | G18: green | H18: Frozen | I18: Individual Color | J18: No | K18: 单色
A19: WC3N - STORM BAY METALLIC | B19: 30 | C19: =MID(A19,2,3) -> C3N | D19: STORM BAY METALLIC | E19: 个性化定制风暴灰 | F19: #8c97a9 | G19: gray | H19: Metallic | I19: Individual Color | J19: Individual TT | K19: 单色/宝石青/岩石灰
A20: WC5L - BLUE BAY LAGOON METALLIC | B20: 31 | C20: =MID(A20,2,3) -> C5L | D20: BLUE BAY LAGOON METALLIC | E20: 个性化定制礁湖蓝 | F20: #376f7f | G20: blue | H20: Metallic | I20: Individual Color | J20: Individual TT | K20: 单色/宝石青/岩石灰
A21: WC1D - MISANO BLUE METALLIC | B21: 32 | C21: =MID(A21,2,3) -> C1D | D21: MISANO BLUE METALLIC | E21: 个性化定制天际蓝 | F21: #0C6BB0 | G21: blue | H21: Metallic | I21: Individual Color | J21: Individual TT | K21: 单色/宝石青/岩石灰
A22: WC5E - ALVIT GREY METALLIC | B22: 33 | C22: =MID(A22,2,3) -> C5E | D22: ALVIT GREY METALLIC | E22: 个性化定制阿尔韦特灰 | F22: #97929e | G22: gray | H22: Metallic | I22: Individual Color | J22: Individual TT | K22: 单色/宝石青/岩石灰
A23: WC4G - ISLE OF MAN GREEN METALLIC | B23: 34 | C23: =MID(A23,2,3) -> C4G | D23: ISLE OF MAN GREEN METALLIC | E23: 个性化定制曼岛绿 | F23: #036358 | G23: green | H23: Metallic | I23: Individual Color | J23: Individual TT | K23: 单色/宝石青/岩石灰
A24: WC1K - MARINA BAY BLUE METALLIC | B24: 35 | C24: =MID(A24,2,3) -> C1K | D24: MARINA BAY BLUE METALLIC | E24: 个性化定制滨海湾蓝 | F24: #072594 | G24: blue | H24: Metallic | I24: Individual Color | J24: Individual TT | K24: 单色/宝石青/岩石灰
A25: WC3C - PIEMONT RED METALLIC | B25: 36 | C25: =MID(A25,2,3) -> C3C | D25: PIEMONT RED METALLIC | E25: 个性化定制馥郁红 | F25: #6C272A | G25: red | H25: Metallic | I25: Individual Color | J25: Individual TT | K25: 单色/宝石青/岩石灰
A26: WP6Y - CENTENNIAL BLUE METALLIC | B26: 37 | C26: =MID(A26,2,3) -> P6Y | D26: CENTENNIAL BLUE METALLIC | E26: 个性化定制百年蓝 | F26: #033261 | G26: blue | H26: Metallic | I26: Individual Color | J26: Individual TT | K26: 单色/宝石青/岩石灰
A27: WP6M - GRIGIO TELESTO PERL | B27: 38 | C27: =MID(A27,2,3) -> P6M | D27: GRIGIO TELESTO PERL | E27: 个性化定制军舰灰 | F27: #85878d | G27: gray | H27: Metallic | I27: Individual Color | J27: Individual TT | K27: 单色/宝石青/岩石灰
A28: YP6K - NARDO GREY | B28: 39 | C28: =MID(A28,2,3) -> P6K | D28: NARDO GREY | E28: 个性化定制纳多赛道灰 | F28: #bfbfbf | G28: gray | H28: Uni | I28: Individual Color | J28: Individual TT | K28: 单色/宝石青/岩石灰
A29: WP5R - BLUE HERA MICA METALLIC | B29: 40 | C29: =MID(A29,2,3) -> P5R | D29: BLUE HERA MICA METALLIC | E29: 个性化定制赫拉云母金属蓝 | F29: #044177 | G29: blue | H29: Metallic | I29: Individual Color | J29: Individual TT | K29: 单色/宝石青/岩石灰
... A153: WP8X - FROZEN BROOKLYN GREY METALLIC | B153: 164 | C153: =MID(A153,2,3) -> P8X | D153: FROZEN BROOKLYN GREY METALLIC | E153: 个性化定制磨砂布鲁克林灰 | F153: #606463 | G153: gray | H153: Frozen | I153: Individual Color | J153: No | K153: 单色
C154: X16 | D154: FROZEN BRILLIANT WHITE MET. | E154: 个性化定制磨砂晶莹白 | F154: #f7f7f3 | G154: white | H154: Frozen | I154: Individual Color | J154: No | K154: 单色
C157: P0475 | D157: Two-tone BLACK | E157: 宝石青 | F157: #1b1d23
C158: C4A | D158: Two-tone GRAY | E158: 岩石灰 | F158: #CFCBC5

Sheet 已删除颜色
A1: W93 | B1: FROZEN BRILLIANT WHITE MET. | C1: 个性化定制磨砂亮白色 | D1: #f7f7f3 | E1: white | F1: Frozen | G1: Individual Color | H1: No | I1: 单色
A2: X1G | B2: FROZEN TANZANITE BLUE METALLIC | C2: 个性化定制磨砂丹泉石蓝 | D2: #101d47 | E2: blue | F2: Frozen | G2: SABI Color | H2: No | I2: 单色
A3: C5A | B3: FROZEN PURE GREY METALLIC | C3: 个性化定制磨砂纯灰色 | D3: #606463 | E3: gray | F3: Frozen | G3: Normal Paid | H3: No | I3: 单色
A4: X1E | B4: FROZEN PORTIMAO BLUE METALLIC | C4: 个性化定制磨砂波尔蒂芒蓝 | D4: #283672 | E4: blue | F4: Frozen | G4: Individual Color | H4: No | I4: 单色
A5: A75 | B5: MELBOURNE RED METALLIC | C5: 个性化定制墨尔本红 | D5: #de4237 | E5: red | F5: Uni | G5: Individual Color | H5: Individual TT | I5: 单色/宝石青/岩石灰
A6: C6R | B6: FROZEN PORTIMAO BLUE II METALLIC | C6: 个性化定制磨砂波尔蒂芒蓝II | D6: #2998d0 | E6: blue | F6: Frozen | G6: Individual Color | H6: No | I6: 单色
A7: P9F | B7: FROZEN PURE RED METALLIC | C7: 个性化定制磨砂朱红色 | D7: #de4237 | E7: red | F7: Frozen | G7: Individual Color | H7: No | I7: 单色
A8: P9G | B8: FROZEN AQUAMARINE METALLIC | C8: 个性化定制磨砂海蓝宝石 | D8: #9bc35f | E8: green | F8: Frozen | G8: Individual Color | H8: No | I8: 单色
